EN,Product,Context,AR,CZ,DA,DE,ES,FI,FR,IT,JA,NL,NB,PL,PT-BR,RU,SV,ZH-CN
Accession,RM,,تنازل,Přístup,Overdragelse,Aufnahme,Adhesión,Luovutus,Versement à un autre organisme,Trasferimento ad altri,受諾,Overdracht,Tilgang,Akcesja,Adesão,поступление,Överlåtelse,入管
Activiti,ACS,Product name. Do not translate.,,Activiti,Activiti,Activiti,Activiti,Activiti,Activiti,Activiti,Activiti,Activiti,Activiti,Activiti,Activiti,Activiti,Activiti,Activiti
Add to Hold,RM,,إضافة إلى ملكية,Přidat mezi blokované,Føj til venteposition,Zum Sperrbereich hinzufügen,Añadir a bloqueo,Lisää pitoon,Ajouter à la suspension,Aggiungi a sospesi,ホールドに追加,Toevoegen aan wachtstand,Legg til hold,Dodaj do blokady,Adicionar à espera,Заблокировать,Lägg till till begränsning,加入保存
Admin App,APS,,تطبيق الإدارة,Aplikace správce,Admin-app,Administratoranwendung,Aplicación de administración,Hallintasovellus,Application d'administration,Applicazione di amministrazione,管理アプリ,Beheer App,Admin app,Aplikacja administracyjna,Aplicativo de administração,Приложение для администраторов,Admin-program,Admin APP
Admin Console,ACS,,وحدة تحكم الإدارة,Konzole správce,Admin-konsol,Administratorkonsole,Consola de administración,Hallintakonsoli,Console d'administration,Console di amministrazione,管理コンソール,Beheerconsole,Admin-konsoll,Konsola administracyjna,Console de administração,Консоль администратора,Admin-konsol,管理控制台
Admin Tools,ACS,,أدوات الإدارة,Nástroje pro správu,Admin-værktøjer,Administratoren-Tools,Herramientas de administración,Hallintatyökalut,Outils admin,Strumenti di amministrazione,管理ツール,Beheertools,Admin.verktøy,Narzędzia administracyjne,Ferramentas,Инструменты администратора,Admin-verktyg,管理工具
Advanced Search,ACS,,بحث متقدم,Rozšířené hledání,Avanceret søgning,Erweiterte Suche,Búsqueda avanzada,Tarkennettu haku,Recherche avancée,Ricerca avanzata,詳細検索,Geavanceerd zoeken,Avansert søk,Wyszukiwanie zaawansowane,Pesquisa avançada,Расширенный поиск,Avancerad sökning,高级搜索
Alfresco Application Development Framework,ACS,Product name. Do not translate.,,Alfresco Application Development Framework,Alfresco Application Development Framework,Alfresco Application Development Framework,Alfresco Application Development Framework,Alfresco Application Development Framework,Alfresco Application Development Framework,Alfresco Application Development Framework,Alfresco Application Development Framework,Alfresco Application Development Framework,Alfresco Application Development Framework,Alfresco Application Development Framework,Alfresco Application Development Framework,Alfresco Application Development Framework,Alfresco Application Development Framework,Alfresco Application Development Framework
Alfresco Content Package,RM,,,Balíček obsahu Alfresco,Alfresco Content Package,Alfresco Content Package,Fichero de paquete de contenidos de Alfresco,Alfresco-sisältöpaketti,Package de contenu Alfresco,Pacchetto di contenuti Alfresco,Alfresco コンテンツパッケージ (ACP),Alfresco Content Package,Alfresco-innholdspakke,Pakiet treści Alfresco,Pacote de conteúdo Alfresco,Пакет содержимого Alfresco,Alfresco Content Package,Alfresco 内容包 (ACP)
Alfresco Content Services,ACS,Product name. Do not translate.,,Alfresco Content Services,Alfresco Content Services,Alfresco Content Services,Alfresco Content Services,Alfresco Content Services,Alfresco Content Services,Alfresco Content Services,Alfresco Content Services,Alfresco Content Services,Alfresco Content Services,Alfresco Content Services,Alfresco Content Services,Alfresco Content Services,Alfresco Content Services,Alfresco Content Services
Alfresco Digital Business Platform,ACS,Product name. Do not translate.,,Alfresco Digital Business Platform,Alfresco Digital Business Platform,Alfresco Digital Business Platform,Alfresco Digital Business Platform,Alfresco Digital Business Platform,Alfresco Digital Business Platform,Alfresco Digital Business Platform,Alfresco Digital Business Platform,Alfresco Digital Business Platform,Alfresco Digital Business Platform,Alfresco Digital Business Platform,Alfresco Digital Business Platform,Alfresco Digital Business Platform,Alfresco Digital Business Platform,Alfresco Digital Business Platform
Alfresco Governance Services,ACS,Product name. Do not translate.,,Alfresco Governance Services,Alfresco Governance Services,Alfresco Governance Services,Alfresco Governance Services,Alfresco Governance Services,Alfresco Governance Services,Alfresco Governance Services,Alfresco Governance Services,Alfresco Governance Services,Alfresco Governance Services,Alfresco Governance Services,Alfresco Governance Services,Alfresco Governance Services,Alfresco Governance Services,Alfresco Governance Services
Alfresco Index Engine,ACS,Product name. Do not translate.,,Alfresco Index Engine,Alfresco Index Engine,Alfresco Index Engine,Alfresco Index Engine,Alfresco Index Engine,Alfresco Index Engine,Alfresco Index Engine,Alfresco Index Engine,Alfresco Index Engine,Alfresco Index Engine,Alfresco Index Engine,Alfresco Index Engine,Alfresco Index Engine,Alfresco Index Engine,Alfresco Index Engine
Alfresco Media Management,ACS,Product name. Do not translate.,,Alfresco Media Management,Alfresco Media Management,Alfresco Media Management,Alfresco Media Management,Alfresco Media Management,Alfresco Media Management,Alfresco Media Management,Alfresco Media Management,Alfresco Media Management,Alfresco Media Management,Alfresco Media Management,Alfresco Media Management,Alfresco Media Management,Alfresco Media Management,Alfresco Media Management
Alfresco Media Transformation Engine,ACS,Product name. Do not translate.,,Alfresco Media Transformation Engine,Alfresco Media Transformation Engine,Alfresco Media Transformation Engine,Alfresco Media Transformation Engine,Alfresco Media Transformation Engine,Alfresco Media Transformation Engine,Alfresco Media Transformation Engine,Alfresco Media Transformation Engine,Alfresco Media Transformation Engine,Alfresco Media Transformation Engine,Alfresco Media Transformation Engine,Alfresco Media Transformation Engine,Alfresco Media Transformation Engine,Alfresco Media Transformation Engine,Alfresco Media Transformation Engine
Alfresco Process Services (powered by Activiti),ACS,Product name. Do not translate.,,Alfresco Process Services (powered by Activiti),Alfresco Process Services (powered by Activiti),Alfresco Process Services (powered by Activiti),Alfresco Process Services (powered by Activiti),Alfresco Process Services (powered by Activiti),Alfresco Process Services (powered by Activiti),Alfresco Process Services (powered by Activiti),Alfresco Process Services (powered by Activiti),Alfresco Process Services (powered by Activiti),Alfresco Process Services (powered by Activiti),Alfresco Process Services (powered by Activiti),Alfresco Process Services (powered by Activiti),Alfresco Process Services (на базе Activiti),Alfresco Process Services (powered by Activiti),Alfresco Process Services（由 Activiti 提供支持）
Analytics App,APS,,,Aplikace pro analýzu,Analyseapp,Analytik-Anwendung,Aplicación de análisis,Analytiikkasovellus,Application Analyse,Applicazione di analisi,分析アプリ,Analytics App,Analyseapp,Aplikacja analityczna,Aplicativo de análise,Приложение для анализа данных,Analysprogram,报表与分析 APP
API (application program interface),ACS,"Do not translate, acronym best known in English",,rozhraní API,API (application program interface),API (application program interface),API (application program interface),API,API (application program interface),API (application program interface),API (application program interface),API (application program interface),API (application program interface),API (application program interface),API (application program interface),API (application program interface),API (application program interface),API (application program interface)
App,APS,,تطبيق,Aplikace,App,Anwendung,Aplicación,Sovellus,Application,Applicazione,アプリ,App,App,Aplikacja,Aplicativo,Приложение,Program,APP
App Store,ACS,Proper name. Do not translate.,,App Store,App Store,App Store,App Store,App Store,App Store,App Store,App Store,App Store,App Store,App Store,App Store,App Store,App Store,App Store
Aspect,ACS,"An Aspect is a set/group of properties that you can assign to a file in order to give it a certain look and feel and/or add items. In Media Management, for example, WebVTT Aspect"" is used to provide captions or subtitles for video content""",,Aspekt,Aspekt,Aspekt,Aspecto,Ominaisuusjoukko,Aspect,Aspetto,アスペクト,Aspect,Aspekt,Aspekt,Aspecto,Аспект,Aspekt OR bredd-höjd-förhållande,切面
Assign,ACS,,تعيين,Pověřit/přiřadit,Tildel,Zuweisen,Asignar,Määritä,Assigner,Assegna,割り当て,Toewijzen,Tilordne,Przypisz,Atribuir,Назначить,Tilldela,指派
Assignee,ACS,,معين له,Pověřená osoba,Modtager,Zugewiesener Benutzer,Asignado a,Vastuuhenkilö,Personne assignée,Assegnatario,担当者,Toegewezen persoon,Tilordnet,Osoba przypisana,Destinatário,Исполнитель,Tilldelad användare,被指派者
Audit,RM,,تدقيق,Audit,Overvågning,Audit,Auditoría,Tarkastus,Audit,Audit,監査,Audit,Revisjon,Inspekcja,Auditoria,Аудит,Revision,审计
Audit log started,RM,,,Zahájen protokol auditu,Overvågningslog startet,Audit-Protokoll gestartet,Registro de auditorías iniciado,Tarkastusloki aloitettiin,Journal d'audit démarré,Log di audit avviato,監査ログが開始されました。,Auditlog gestart,Revisjonslogg startet,Dziennik inspekcji uruchomiony,Log de auditoria iniciado,Начата запись в журнал аудита,Granskningslogg startad,审计日志已启动。
Audit log stopped,RM,,,Zastaven protokol auditu,Overvågningslog stoppet,Audit-Protokoll gestoppt,Registro de auditorías detenido,Tarkastusloki lopetettiin,Journal d'audit arrêté,Log di audit interrotto,監査ログが停止されました。,Auditlog gestopt,Revisjonslogg stoppet,Dziennik inspekcji zatrzymany,Log de auditoria interrompido,Завершена запись в журнал аудита,Granskningslogg stoppad,审计日志已停止。
Auto-declare Options,RM,,خيارات التصريح التلقائي,Možnosti automatického deklarování,Indstillinger for automatisk deklaration,Optionen für automatische Deklaration,Opciones de declaración automática,Automaatti-ilmoitusasetukset,Options de déclaration automatique,Opzioni di dichiarazione automatica,自動宣言オプション,Opties voor automatisch declareren,Alternativer med automatiske erklæringer,Opcje automatycznej deklaracji,Opções de auto declaração,Параметры автоматического объявления,Alternativ för automatiska deklarationer,自动声明选项
Back,ACS,As in: Go back. Use according to context (Retour / Précédent),عودة,Zpět,Tilbage,Zurück,Volver,Takaisin,Retour,Indietro,戻る,Terug,Tilbake,Wstecz,Voltar,Back,Tillbaka,返回
Bend Point,APS,,,Místo ohybu,Bøjningspunkt,Winkelpunkt,Punto de flexión,Mutkapiste,Point d'inflexion,Punto di flesso,ベンドポイント,Knikpunten,Bøyepunkt,Punkt zgięcia,Ponto de curvatura,Точка изгиба,Böjpunkt,转折点
Bit Depth,RM,,,Bitová hloubka,Bitdybde,Bittiefe,Profundidad de bits,Bittimäärä,Profondeur de couleur,Profondità in bit,ビット深度,Bitdiepte,Bitdybde,Głębia bitowa,Intensidade de bit,Битовая глубина,Bitdjup,位深
Boundary,APS,,حدود,Hranice,Grænse,Grenzen,Límite,Raja,Limite,Boundary,境界,Boundary,Grense,Granica,Limite,Пограничный,Gräns,边界
BPMN Editor,APS,,,Editor BPMN,BPMN-editor,BPMN-Editor,Editor BPMN,BPMN-editori,Editeur BPMN,Editor BPMN,BPMN エディタ,BPMN Editor,BPMN-redaktør,Edytor BPMN,Editor de BPMN,Редактор BPMN,BPMN-editor,BPMN 编辑器
Browse,ACS,,استعراض,Procházet,Gennemse,Durchsuchen,Examinar,Selaa,Parcourir,Sfoglia,閲覧,Bladeren,Bla gjennom,Przeglądaj,Navegar,Обзор,Bläddra OR Bläddra i,浏览
Business Key,APS,,مفتاح أعمال,Obchodní klíč,Forretningsnøgle,Geschäftsschlüssel,Clave de negocio,Liiketoiminta-avain,Clé de métier,Chiave di business,ビジネスキー,Business key,Forretningsnøkkel,Klucz biznesowy,Chave de negócios,Бизнес-ключ,Affärsnyckel,商业 Key
Business Process Model,APS,,نموذج عملية أعمال,Model obchodních procesů,Forretningsprocesmodel,Geschäftsprozessmodelle,Modelos de proceso de negocio,Liiketoimintaprosessimalli,Modèles de processus métier,Modelli di processo di business,ビジネスプロセスモデル,Bedrijfsprocesmodellen,Forretningsprosessmodell,Model procesu biznesowego,Modelos de processo de negócios,Модели бизнес-процессов,Affärsprocessmodell,业务流程模型
Calendar,ACS,,تقويم,Kalendář,Kalender,Kalender,Calendario,Kalenteri,Calendrier,Calendario,カレンダー,Agenda,Kalender,Kalendarz,Calendário,Календарь,Kalender,日历
Candidate,APS,,مرشح,Kandidát,Kandidat,Kandidat,Candidato,Kandidaatti,Candidat,Candidato,候補,Kandidaten,Kandidat,Kandydat,Candidato,Кандидаты,Kandidat,候选者
Canvas,APS,,,Plátno,Lærred,Canvas,Lienzo,Alusta,Canevas,Area di lavoro,キャンバス,Canvas,Lerret,Kanwa,Quadro,Полотно,Arbetsyta,画布
Capabilities,APS,,,Schopnosti,Egenskaber,Funktionen,Capacidades,Toiminnot,Capacités,Funzioni,権限,Functies,Kapasiteter,Możliwości,Recursos,Возможности,Funktionaliteter,功能
Capture Date,RM,,تاريخ الالتقاط,Datum pořízení,Fotograferingsdato,Erfassungsdatum,Fecha de captura,Kirjauspäivämäärä,Date de capture,Data di acquisizione,キャプチャ日,Vastlegdatum,Opptaksdato,Data przechwycenia,Data de captura,Дата снимка,Upptagningsdatum,捕捉日期
Capture Method,RM,,,Způsob pořízení,Fotograferingsmetode,Erfassungsmethode,Método de captura,Kirjaustapa,Méthode de capture,Metodo di acquisizione,キャプチャ方法,Methode van vastleggen,Opptaksmetode,Metoda przechwycenia,Método de captura,Способ ввода,Upptagningsmetod,捕捉方法
Catching Events,APS,,رصد الأحداث,Události catch,Indfangningshændelse,Zwischenauffangereignisse,Eventos de captura,Sieppaustapahtumat,Evénements de capture,Eventi di rilevamento,中間キャッチイベント,Catching events,Fangehendelser,Zdarzenia przechwytujące,Eventos de captura,Промежуточные события-обработчики,Fångsthändelser,中间缓存事件
Child,ACS,As in: child node,فرعي,Podřízený,Underordnet,Untergeordnete Elemente,Subdirectorio,Alataso,Sous-répertoire,Figlio,子,Onderliggend element,Underordnede,Element podrzędny,Secundário,Дочерний элемент,Underordnad,子级
Claim,ACS,"Verb. As in: ""Claim a task"" (assume responsibility of the task in order to work on it)",مطالبة,Převzít,Gør krav på,Beanspruchen,Pedir,Varaa,S'attribuer,Richiedi,担当する,Claimen,Krev,Przejmij,Reivindicar,Принять,Anta,申领
Class,RM,,فئة,Třída,Klasse,Klasse,Clase,Luokka,Classe,Classe,クラス,Klasse,Klasse,Klasa,Classe,Класс,Klass,分类
Classification,RM,,تصنيف,Klasifikace,Klassifikation,Klassifizierung,Clasificación,Salaus,Classement,Classificazione,分類,Classificatie,Klassifisering,Klasyfikacja,Classificação,Засекречивание,Klassificering,分类
Classify,RM,,صنّف,Klasifikovat,Klassificer,Klassifizieren,Clasificar,Salaa,Classifier,Classifica,分類,Classificeren,Klassifiser,Utajnij,Classificar,Засекретить,Klassificera,分类
Clearance,RM,,ترخيص,Povolení,Godkendelse,Freigabe,Permiso,Oikeus,Autorisation,Nessun nulla osta,クリアランスなし,Machtiging,Klarering,Upoważnienie,Liberação,Не подлежит классификации,Godkännande,无间隙
Cluster,APS,,كتلة,Cluster,Cluster,Cluster,Clúster,Klusteri,Clusters,Cluster,クラスター,Clusters,Klynge,Klaster,Cluster,Кластеры,Kluster,群集
Collaborator,ACS,"Collaborator　　＊Group Name. This refers to a group/type of people that can work in a site as a ""Collaborator"" and has specific rights",معاون,Spolupracovník,Samarbejdspartner,Mitarbeiter,Colaborador,Yhteistyökumppani,Collaborateur,Collaboratore,共同作業者,Medewerker,Medarbeider,Współpracownik,Colaborador,Редактор,Medarbetare,合作者
Confidential,RM,,ري,Důvěrné,Fortrolig,Vertraulich,Confidencial,Luottamuksellinen,Confidentiel,Riservato,機密,Vertrouwelijk,Konfidensiell,Poufne,Confidencial,Конфиденциально,Konfidentiell,机密
Configuration,APS,,تكوين,Konfigurace,Konfiguration,Konfiguration,Configuración,Määritykset,Configuration,Configurazione,設定,Configuratie,Konfigurasjon,Konfiguracja,Configuração,Конфигурация,Konfiguration,配置
Constraint,RM,,قيد,Omezení,Begrænsning,Randbedingung,Restricción,Rajoitus,Contrainte,Vincolo,制約,Beperking,Restriksjon,Ograniczenie,Reserva,Ограничение,Restriktion,限制
Consumer,ACS,,مستهلك,Spotřebitel,Forbruger,Verbraucher,Consumidor,Kuluttaja,Lecteur,Consumatore,利用者,Consument,Forbruker,Konsument,Consumidor,Читатель,Förbrukare OR Konsument,使用者
Content Management System,RM,,,Systém pro správu obsahu,Content Management System,Content Management System,Sistema de gestión de contenidos,Sisällönhallintajärjestelmä,Système de gestion de contenu,Sistema di gestione dei contenuti,コンテンツ管理システム,Content Management System,Innholdsforvaltningssystem,System zarządzania treścią,Sistema de gerenciamento de conteúdo,Система управления содержимым,Innehållshanteringssystem,内容管理系统
Content Model,RM,,نموذج المحتوى,Model obsahu,Indholdsmodel,Content-Modell,Modelo de contenido clasificado,Sisältömalli,Modèle de contenu,Modello di contenuto classificato,分類されたコンテンツモデル,Model content,Innholdsmodell,Model treści,Modelo de conteúdo classificado,Модель засекреченного содержимого,Innehållsmodell,已分类内容模型
Contributor,ACS,"Contributor　　Group Name, as in: Contributor to a site",مساهم,Přispěvatel,Bidragyder,Beitragender,Contribuidor,Osallistuja,Contributeur,Contributore,投稿者,Bijdrager,Bidragsyter,Współautor,Contribuidor,Писатель,Deltagare,贡献者
Create Hold,RM,,إنشاء ملكية,Vytvořit blokování,Opret venteposition,Sperrbereich erstellen,Crear bloqueo,Luo pito,Créer une suspension,Crea sospensione,ホールドの作成,Wachtstand maken,Opprett hold,Utwórz magazyn,Criar espera,Создать удержание,Skapa begränsning,创建保存
Create/Modify/Destroy,RM,,إنشاء/تعديل /تدمير,Vytvořit/upravit/odstranit,Opret/modificer/destruer,erstellen//ändern//vernichten,Crear / Modificar / Destruir,"Luo, muokkaa tai tuhoa",Créer/ Modifier / Détruire,Crea/Modifica/Elimina definitivamente,役割の作成/変更/破棄,maken / aanpassen / vernietigen,Opprett / Endre / Destruer,"Utwórz, zmodyfikuj lub zniszcz",Criar / Modificar / Destruir,"Создать, / изменить, / уничтожить",Skapa/Modifiera/Förstöra,创建修改销毁角色
Custom Metadata,RM,,بيانات وصفية  مخصصة,Uživatelská metadata,Brugerdefinerede metadata,Benutzerdefinierte Metadaten,Metadatos personalizados,Mukautetut metatiedot,Métadonnées personnalisées,Metadati personalizzati,カスタムメタデータ,Aangepaste metagegevens,Tilpassede metadata,Metadane niestandardowe,Metadados personalizados,Нестандартные метаданные,Anpassad metadata,自定义元数据
Custom Model,RM,,نموذج مخصص,Uživatelský model,Brugerdefineret model,Benutzerdefiniertes Modell,Modelo personalizado,Mukautettu malli,Modèle personnalisé,Modello personalizzato,カスタムモデル,Aangepast model,Tilpassede modell,Model niestandardowy,Modelo personalizado,Пользовательская модель,Anpassad modell,自定义型号
Custom Property,RM,,خاصية مخصصة,Uživatelská vlastnost,Brugerdefineret egenskab,Benutzerdefinierte Eigenschaften,Propiedades personalizadas,Mukautettu ominaisuus,Propriétés personnalisées,Proprietà personalizzate,カスタムプロパティ,Aangepaste eigenschappen,Tilpassede egenskaper,Właściwość niestandardowa,Propriedades personalizadas,Специальные свойства,Anpassade egenskap,自定义属性
Cut off,RM,,حد التوقف,Oddělit,Afskæring,Trennen,Interrumpe,Leikkaus,Début de conservation,Cut off,カットオフ,Afsluiten,Cut off,Wyeliminować,Cortar,Отключить,Avskilja,中断
Dashboard,ACS,,لوحة معلومات,Řídicí panel,Dashboard,Mein Dashboard,Panel de Inicio,Koontinäyttö,Mon tableau de bord,Pannello di controllo,ダッシュボード,Dashboard,Dashbord,Pulpit nawigacyjny,Painel,Главная страница,Instrumentpanel,仪表板
Data Set,RM,,مجموعة البيانات,Sada dat,Datasæt,Datensatz,Conjunto de datos,Tietojoukko,Ensemble de données,Set di dati,データセット,Gegevensverzameling,Datasett,Zestaw danych,Conjunto de dados,Массив данных,Dataset,数据集
Database,ACS,,,Databáze,Database,Datenbank,Base de datos,Tietokanta,Base de données,Database,データベース,Database,Database,Baza danych,Banco de dados,База данных,Databas,数据库
Decision Table Editor,APS,,,Editor rozhodovací tabulky,Beslutningstabeleditor,Entscheidungstabellen-Editor,Editor de tablas de decisiones,Päätöstaulukkoeditori,Editeur de table de décision,Editor tabella decisioni,意思決定表エディタ,Beslissingstabel Editor,Beslutningstabellredaktør,Edytor tabeli decyzji,Editor de tabelas de decisão,Редактор таблицы принятия решения,Beslutstabelleditor,决策表编辑器
Decision Tables,APS,,,Rozhodovací tabulky,Beslutningstabeller,Entscheidungstabellen,Tablas de decisiones,Päätöstaulukot,Tables de décision,Tabelle decisioni,意思決定表,Beslissingstabellen,Beslutningstabeller,Tabele decyzji,Tabelas de decisão,Таблицы принятия решения,Beslutstabeller,决策表
Declare As Record,RM,,إعلان كسجل,Deklarovat jako záznam,Deklarer som post,Als Record deklarieren,Declarar como documento de archivo,Ilmoita tietueena,Déclarer comme document d'archives,Dichiara come record,レコードとして宣言する,Declareren als record,Erklær som oppføring,Zadeklaruj jako rekord,Declarar como documento arquivístico,Объявить как запись,Deklarera som handling,声明为记录
Declassify,RM,,إلغاء تصنيف السرية,Deklasifikovat,Deklassificer,Deklassifizieren,Desclasificar,Poista salaus,Déclassifier,Declassifica,分類解除,Classificatie opheffen,Deklassifisere,Odtajnij,Desclassificar,отменить засекречивание,Avklassificera,取消分类
Deep Lock,ACS,,,Hluboké uzamčení,Dyb lås,Deep Lock,Bloqueo profundo,Syvälukitus,Verrou profond,Deep Lock,ディープロック,Deep Lock,Dyp lås,Blokada głęboka,Bloqueio total,Глубокая блокировка,Djupt lås,深度锁定
Default,ACS,,افتراضي,Výchozí,Standard,Standard,Predeterminado,Oletus,Défaut,Predefinito,デフォルト,Standaard,Standard,Domyślny,Padrão,По умолчанию,Standard,默认值
Delegate,APS,Verb,تفويض,Delegovat,Deleger,Delegieren,Delegar,Delegoi,Déléguer,Delegare,委任する,Delegeren,Delegere,Deleguj,Delegar,Делегировать,Delegera,委派
Deployments,APS,,توزيعات,Nasazení,Udrulninger,Deployments,Despliegues,Käyttöönotot,Déploiements,Dispiegamenti,デプロイ,Deployments,Implementeringer,Wdrożenia,Implantações,Развертывания,Installationer,部署
Design,APS,,تصميم,Design,Design,Design,Diseñar,Malli,Conception,Progetto,作成,Ontwerp,Design,Projekt,Criar,Проект,Designa,设计
Destroy Record,RM,,تدمير السجل,Odstranit záznam,Destruer post,Records vernichten,Destruir documentos de archivo,Tuhoa tietue,Détruire des documents d'archives,Elimina definitivamente record,レコードの破棄,Records vernietigen,Destruer oppføringer,Zniszcz rekord,Destruir documentos arquivísticos,Уничтожить записи,Förstöra handling,销毁记录
Destruction report,RM,,,Zpráva o odstranění,Destrueringsrapport,Vernichtungsprotokoll,Informe de destrucción,Tuhoamisraportti,Rapport de destruction,Rapporto di eliminazione definitiva,破棄レポート,Vernietigingsrapport,Destruksjonsrapport,Raport ze zniszczenia,Relatório de destruição,Отчет об уничтожении,Förstörelserapport,销毁报告
Digital Photograph Record,RM,,,Záznam digitální fotografie,Post for digitalt foto,Record - Digitales Bild,Documento de archivo fotográfico digital,Digikuvatietue,Document d'archives de photographie numérique,Record fotografia digitale,デジタル写真レコード,Digitale fotorecord,Digital bildeoppføring,Cyfrowy rekord fotograficzny,Documento arquivístico fotográfico digital,Запись в виде цифровой фотографии,Digital fotohandling,数码照片记录
Directories,ACS,As in: User Directories,,Adresáře,Mapper,Verzeichnisse,Directorios,Hakemistot,Annuaires,Directory,ディレクトリ,Mappen,Kataloger,Katalogi,Diretórios,Каталоги,Kataloger,目录
Document Library,ACS,,مكتبة المستندات,Knihovna dokumentů,Dokumentbibliotek,Dokumentenbibliothek,Biblioteca de documentos,Asiakirjakirjasto,Espace documentaire,Raccolta documenti,文書ライブラリ,Documentbibliotheek,Dokumentbibliotek,Biblioteka dokumentów,Biblioteca de documentos,Библиотека документов,Dokumentbibliotek,文档库
Download,ACS,,تنزيل,Stáhnout,Download,Herunterladen,Descargar,Lataa,Télécharger,Scarica,ダウンロード,Downloaden,Last ned,Pobierz,Download,Скачать,Ladda ner,下载
Edit Metadata,RM,,,Upravit metadata,Rediger metadata,Metadaten bearbeiten,Editar metadatos,Muokkaa metatietoja,Modifier les métadonnées,Modifica metadati,メタデータの編集,Metagegevens bewerken,Rediger metadata,Edytuj metadane,Editar metadados,Редактировать метаданные,Redigera metadata,编辑元数据
Editor,APS,,محرر,Editor,Editor,Editor,Editor,Editori,Editeur,Editor,エディタ,Editor,Redaktør,Edytor,Editor,Редактор,Editor,编辑器
Email,ACS,,بريد إلكتروني,E-mail,E-mail,E-Mail,Correo electrónico,Sähköposti,Email,E-mail,E メール,E-mail,E-post,E-mail,Email,Электронная почта,E-post,电子邮件
Email Address,ACS,,عنوان بريد إلكتروني,E-mailová adresa,E-mailadresse,E-Mail-Adresse,Dirección de correo electrónico,Sähköpostiosoite,Adresse email,Indirizzo e-mail,E メールアドレス,E-mailadres,E-postadresse,Adres e-mail,Endereço de email,Адрес электронной почты,E-postadress,电子邮件地址
Email mappings,RM,,تخطيطات البريد الإلكتروني,Mapování e-mailů,E-mailtilknytninger,E-Mail-Zuordnungen,Asignaciones de correo electrónico,Sähköpostiyhdistämismääritykset,Configurations courriels,Mapping e-mail,E メールマッピング,E-mailtoewijzingen,E-postkoblinger,Mapowania e-mail,Mapeamentos de e-mail,Сопоставления с полями электронной почты,E-postmappningar,电子邮件映射
Encoding,ACS,,ترميز,Kódování,Kodning,Zeichencodierung,Codificación,Koodaus,Encodage,Codifica,エンコーディング,Codering,Koding,Kodowanie,Codificação,Кодировка,Kodning,编码
Endpoint,ACS,,,Koncový bod,Slutpunkt,Endpunkt,Destino,Päätepiste,Destination,Endpoint,エンドポイント,Eindpunt,Endepunkt,Punkt końcowy,Endpoint,Конечная точка,Ändpunkt,端点
Endpoint Host,ACS,,,Hostitel koncového bodu,Slutpunktsvært,Endpunkt-Host,Servidor de destino,Päätepisteisäntä,Hôte de destination,Host endpoint,エンドポイントホスト,Eindpunthost,Endepunktvert,Host punktu końcowego,Host de endpoint,Хост конечной точки,Ändpunktsvärd,端点主机
Enterprise (subscription level),ACS,Product name. Do not translate.,,Enterprise (subscription level),Enterprise (subscription level),Enterprise (subscription level),Enterprise (subscription level),Enterprise (subscription level),Enterprise (subscription level),Enterprise (subscription level),Enterprise (サブスクリプションレベル),Enterprise (subscription level),Enterprise (subscription level),Enterprise (poziom subskrypcji),Enterprise (nível de assinatural),Enterprise (уровень подписки),Enterprise (subscription level),企业（订阅级别）
Event Execution,RM,,تنفيذ الحدث,Provedení události,Hændelsesudførelse,Ereignisausführung,Ejecución de evento,Tapahtumasuoritus,Exécution de l'événement,Esecuzione evento,イベントの実行,Gebeurtenisuitvoering,Utførelse av hendelse,Wykonanie zdarzenia,Execução do evento,Выполнение события,Utförande av händelse,事件执行
Event Listener,APS,,,Naslouchání události,Lyttefunktion for hændelse,Ereignis-Listener,Detectores de eventos,Tapahtumakuuntelija,Ecouteur d'événements,Listener di evento,イベントリスナー,Event listener,Hendelseslyttere,Odbiornik zdarzeń,Listener de eventos,Слушатели события,Händelselyssnare,事件监听器
Events,APS,,,Události,Hændelser,Ereignisse,Eventos,Tapahtumat,Evénements,Eventi,イベント,Events,Hendelser,Zdarzenia,Eventos,События,Händelser,事件
Execution Listener,APS,,,Naslouchání provedení,Lyttefunktion for udførelse,Ausführungs-Listener,Detector de eventos de ejecución,Suorituskuuntelija,Ecouteur d'exécution,Listener di esecuzione,実行リスナー,Execution listeners,Utførelseslyttere,Odbiornik wykonania,Listener de execução,Слушатели выполнения,Utförandelyssnare,Execution 监听器
Favorited,APS,,مفضل,Oblíbené,Angivet som favorit,Zu den Favoriten hinzugefügt,Marcado como favorito,Lisätty suosikkeihin,Favori,Preferito,お気に入りに登録,Favorieten,Favoritt,Ulubione,Marcado como favorito,Добавленные в избранное,Favoritmarkerad,已收藏
File,ACS,"Noun. As in: a saved file, a new file. Please note that this translation must different from the translation of Archive""""",ملف,Soubor,Fil,Datei,Fichero,Tiedosto,Fichier,File,ファイル,Bestand,Fil,Plik,Arquivo,Файл,Fil,文件
File Plan,RM,"A classification scheme describing different types of files maintained in an office, how they are identified, where they should be stored, how they should be indexed for retrieval, and a reference to the approved disposition for each file",خطة الملف,Klasifikace souborů,Filplan,Ablageplan,Cuadro de clasificación,Aktien luokitusjärjestelmä,Plan de classement,Piano di fascicolazione,整理保管プラン,Ordeningsplan,Filplan,Plan plików,Plano de arquivamento,Классификационная схема,Arkiveringsplan,归类方案
File Record,RM,Verb,تسجيل ملف,Založit záznam,Arkivér post,Record ablegen,Archivar documento de archivo,Arkistoi tietue,Classer le document d'archives,Archivia record,レコードの整理保管,Record archiveren,Arkivere oppføring,Rekord pliku,Arquivar documento arquivístico,Преобразовать запись в файл,Arkivera handling,立卷记录
Find,ACS,,بحث,Najít,Find,Suche,Encontrar,Etsi,Rechercher,Trova,検索,Zoeken,Finn,Znajdź,Localizar,Найти,Hitta,查找
Folder,ACS,as in: Files in a folder,مجلد,Složka,Mappe,Ordner,Carpeta,Kansio,Dossier,Cartella,フォルダ,Map,Mappe,Folder,Pasta,Папка,Mapp,文件夹
Form Editor,APS,,محرر النماذج,Editor formuláře,Formulareditor,Formular-Editor,Editor de formularios,Lomake-editori,Editeur de formulaire,Editor modulo,フォームエディタ,Formulier Editor,Skjemaredaktør,Edytor formularzy,Editor de formulários,Редактор форм,Formuläreditor,表单编辑器
Forms,APS,,نماذج,Formuláře,Formularer,Formulare,Formularios,Lomakkeet,Formulaires,Moduli,フォーム,Formulieren,Skjemaer,Formularze,Formulários,Формы,Formulär,表单
Freeze Record,RM,,,Zamrazit záznam,Frys en post,Fixiert einen Record,Congela un documento de archivo,Lukitse tietue,Gèle un document d'archives,Blocca un record,レコードを凍結します,Hiermee wordt een record bevroren,Fryser en oppføring,Zablokuj rekord,Congela um documento arquivístico,Закрепление записи,Frys handling,保存记录
Gateways,APS,,بوابات,Brány,Gateways,Gateways,Puertas de enlace,Yhdyskäytävät,Passerelles,Gateways,ゲートウェイ,Gateways,Gatewayer,Bramy,Gateways,Шлюзы,Gateways,分支
Getting started guide,ACS,,,Příručka Začínáme,Introduktionsvejledning,Leitfaden zum Einstieg,Guía de inicio,Aloitusopas,Guide de démarrage,Guida per iniziare,スタートガイド,Aan de slag-handleiding,Veiledning for å komme i gang,Wprowadzenie,Guia de introdução,Руководство по началу работы,Komigångguide,入门指南
Held At,RM,,محتفظ به في,Blokováno v,Sat i venteposition i,Gehalten in,Bloqueado en,Pitoon asettamisen aika,Suspendu à,Sospeso presso,ホールド日時,In wachtstand in,Holdes ved,Zablokowane w,Mantido em,Удерживается с,Begränsas vid,保存于
Held By,RM,,محتفظ به بواسطة,Blokováno (kým),Sat i venteposition af,Gehalten von,Bloqueado por,Pitoon asettaja,Suspendu par,Sospeso da,ホールド実行者,In wachtstand door,Holdes av,Zablokowane przez,Mantido por,Удерживается пользователем,Begränsas av,保存者
Held Records,RM,,السجلات المحتفظ بها,Blokované záznamy,Poster i venteposition,Gesperrte Records,Documentos de archivo bloqueados,Pitoon asetetut tietueet,Documents d'archives suspendus,Record sospesi,ホールドされたレコード,Records in wachtstand,Oppføringer på hold,Zablokowane rekordy,Documentos arquivísticos mantidos,Заблокированные записи,Begränsade handlingar,保存记录
Hide Record,RM,,,Skrýt záznam,Skjul post,Record ausblenden,Ocultar documento de archivo,Piilota tietue,Masquer le document d'archives,Nascondi record,レコードを非表示にする,Record verbergen,Skjul oppføring,Ukryj rekord,Ocultar documento arquivístico,Скрыть запись,Dölj handling,隐藏记录
Hold,RM,Noun,معلق,Blokovat,Venteposition,Sperrbereich,Bloqueo,Pito,Suspension,Sospensione,ホールド,Wachtstand,Hold,Blokada,Espera,Блокировка,Begränsa,保存
Hold Details,RM,,تفاصيل التعليق,Podrobnosti blokování,Detaljer for venteposition,Sperrdetails,Detalles de nuevo bloqueo,Pitotiedot,Informations sur la nouvelle suspension,Nuovi dettagli sospensione,新しいホールドの詳細,Details van wachtstand,Informasjon om hold,Szczegóły blokady,Detalhes da nova espera,Подробности новой блокировки,Information om begränsning,新的保存详细信息
Hold Reason,RM,,,Důvod blokování,Årsag til venteposition,Sperrgrund,Razón de bloqueo,Pidätyssyy,Motif de suspension,Motivo sospensione,ホールド理由,Reden van wachtstand,Grunn til holdet,Przyczyna blokady,Motivo para manter,Причина блокировки,Anledning till begränsning,保存原因
Home,ACS,,رئيسية,Domů,Hjem,Home,Inicio,Aloitussivu,Accueil,Home,ホーム,Start,Hjem,Strona główna,Página Inicial,Домашняя,Hem,主页
Host,ACS,,مضيف,Hostitel,Vært,Host,Host,Isäntä,Hôte,Host,ホスト,Host,Vert,Host,Host,Хост,Värd,主机
ICM Profile,RM,,ICM ملف تعريف,Profil ICM,ICM-profil,ICM-Profil,Perfil ICM,ICM-profiili,Profil ICM,Profilo ICM,ICM プロファイル,ICM-profiel,ICM-profil,Profil ICM,Perfil ICM,Профиль ICM,ICM-profil,ICM 配置文件
Icon,APS,,أيقونة,Ikona,Ikon,Symbol,Icono,Kuvake,Icône,Icona,アイコン,Pictogram,Ikon,Ikona,Ícone,Значок,Ikon,图标
Identity link,APS,,,Odkaz na identitu,Identitetslink,ID-Links,Enlace de identidad,Käyttäjätietolinkki,Lien d'identité,Link di identità,ID リンク,Identity links,Identitetslenk,Link tożsamości,Links para identidade,Ссылки средства идентификации,Identitetslänk,身份链接
Inbound Email,ACS,,,Příchozí e-mail,Indgående e-mail,Eingehende E-Mails,Correo entrante,Saapuva sähköposti,Email entrant,Posta in arrivo,着信 E メール,Inkomende e-mail,Innkommende e-post,Przychodząca poczta e-mail,Email de entrada,Входящие сообщения,Inkommande e-post,入站电子邮件
Index,ACS,,,Index,Indeks,Index,Indice,Indeksi,Index,Indice,インデックス,Index,Indeks,Indeks,Índice,Индекс,Index,索引
Instance,APS,,حالة,Instance,Forekomst,Instanz,Instancia,Esiintymä,Instance,Istanze,インスタンス,Instance,Tilfeller,Wystąpienie,Instância,Экземпляры,Instans,实例
Job,ACS,"As in ""Replication Job""",,Úloha,Job,Job,Trabajo,Työ,Tâche,Job,ジョブ,Taak,Jobb,Zadanie,Trabalho,Задание,Jobb,作业
Job executor,APS,,ُنفذ الوظائف,Exekutor úlohy,Jobudøver,Auftragsausführer,Ejecutor de trabajos,Työn suorittaja,Exécuteur de travail,Job executor,ジョブ実行プログラム,Job executor,Jobbutøver,Wykonawca zadania,Executor de trabalhos,Исполнитель задания,Jobbutförare,作业执行器
Link,ACS,Noun. As in: Action 'Link Category',رابط,Odkaz,Link,Link,Enlace,Linkki,Lien,Collega,リンク,Koppelen,Kobling,Link,Link,Ссылка,Länk,链接
Location,ACS,"As in Working Copy Location""  ""Local Copy Location""  ""Path Location""",,Umístění,Placering,Speicherort,Ubicación,Sijainti,Emplacement,Località,"場所, 住所 (depends on the context)",Locatie,Sted,Lokalizacja,Localização,Местоположение,Plats,位置
Login,ACS,,دخول,Přihlásit (se),Login,Login,Iniciar sesión,Kirjaudu sisään,Connexion,Login,ログイン,Aanmelden,Logg inn,Zaloguj,Login,Войти,Logga in,登录
Logout,ACS,,خروج,Odhlásit (se),Logout,Abmelden,Cerrar sesión,Kirjaudu ulos,Déconnexion,Logout,ログアウト,Afmelden,Logg ut,Wyloguj,Logout,Выход,Logga ut,注销
Manager,ACS,"As in: Content Manager, Site Manager, Search Manager",مدير,Správce,Chef,Manager,Administrador,Vastaava,Gestionnaire,Manager,マネージャ,Beheerder,Administrator,Menedżer,Gerente,Менеджер,Hanterare,管理员
Master Configuration,APS,,تكوين رئيسي,Hlavní konfigurace,Masterkonfiguration,Masterkonfiguration,Configuración principal,Päämääritykset,Configuration principale,Configurazione principale,マスタ設定,Masterconfiguratie,Hovedkonfigurasjon,Konfiguracja główna,Configuração principal,Основная конфигурация,Huvudkonfiguration,主配置
Media Type,RM,,,Typ médií,Medietype,Medientyp,Tipo de medio,Mediatyyppi,Type de support,Tipo di supporto,メディアタイプ,Type medium,Medietype,Typ multimediów,Tipo de mídia,Тип медиа,Mediatyp,媒体类型
Menu,ACS,,,Nabídka,Menu,Menü,Menú,Valikko,Menu,Menu,メニュー,Menu,Meny,Menu,Menu,Меню,Meny,菜单
Metadata,ACS,,,Metadata,Metadata,Metadaten,Metadatos,Metatiedot,Métadonnées,Metadati,メタデータ,Metagegevens,Metadata,Metadane,Metadados,Метаданные,Metadata,元数据
Metadata Only Record,RM,,,Záznam pouze s metadaty,Post kun med metadata,Nur Metadaten enthaltender Record,Documento de archivo solo de metadatos,Vain metatiedot -tietue,Métadonnées d'archives seulement,Record di soli metadati,メタデータのみのレコード,Record met alleen metagegevens,Oppføring kun med metadata,Rekord zawierający tylko metadane,Documento arquivístico somente de metadados,Запись только с метаданными,Post med endast metadata,仅元数据记录
MIME type,ACS,,,Typ MIME,MIME-type,MIME-Type,Tipo MIME,MIME-tyyppi,Type MIME,Tipo MIME,MIME タイプ,MIME-type,MIME-type,Typ MIME,Tipo MIME,Тип MIME,MIME-typ,MIME 类型
Model,ACS,,,Model,Model,Modell,Modelo,Malli,Modèle,Modello,モデル,Model,Modell,Model,Modelo,Модель,Modell,模型
Modifier,ACS,,,Modifikátor,Modifikator,Bearbeiter,Modificador,Muokkaaja,Modificateur,Modificatore,変更者,Wijziger,Modifikator,Modyfikator,Modificador,Редактор,Modifierare,修改者
More...,ACS,,,Více…,Mere...,Mehr...,Más...,Lisää…,Plus...,Segue...,その他...,Meer...,Mer...,Więcej...,Mais...,Еще...,Mer...,更多...
Move to...,ACS,,,Přesunout do…,Flyt til...,Verschieben nach...,Mover a...,Siirrä kohteeseen…,Déplacer vers...,Sposta in...,移動先...,Verplaatsen naar...,Flytt til…,Przenieś do...,Mover para...,Переместить в...,Flytta till...,移动到...
My app definitions,APS,,تعريفات تطبيقاتي,Moje definice aplikací,Mine appdefinitioner,Meine Anwendungsdefinitionen,Mis definiciones de aplicaciones,Omat sovellusmääritelmät,Mes définitions d'application,Le mie definizioni di applicazione,あなたのアプリ定義,Mijn app-definities,Mine appdefinisjoner,Moje definicje aplikacji,Minhas definições de aplicativo,Мои определения приложения,Mina programdefinitioner,我的 APP 定义
My Process Tasks,APS,,مهام عملياتي,Moje procesní úkoly,Mine procesopgaver,Meine Prozessaufgaben,Mis tareas de procesos,Omat prosessitehtävät,Mes tâches de processus,I miei compiti processo,あなたのプロセスタスク,Mijn procestaken,Mine prosessoppgaver,Moje zadania procesu,Minhas tarefas de processo,Мои задачи процессов,Mina processuppgifter,我的流程任务
My Processes,APS,,عملياتي,Moje procesy,Mine processer,Meine Prozesse,Mis Procesos,Omat prosessit,Mes processus,I miei processi,あなたのプロセス,Mijn processen,Mine prosesser,Moje procesy,Meus processos,Мои процессы,Mina processer,我的流程
My reusable decision tables,APS,,,Moje opakovaně použitelné rozhodovací tabulky,Mine genanvendelige beslutningstabeller,Meine wiederverwendbaren Entscheidungstabellen,Mis tablas de decisiones reutilizables,Omat uudelleenkäytettävät päätöstaulukot,Mes tables de décision réutilisables,Le mie tabelle decisioni riutilizzabili,あなたの再利用可能な意思決定表,Mijn herbruikbare beslissingstabellen,Mine beslutningstabeller som kan brukes om igjen,Moje wielorazowe tabele decyzji,Minhas tabelas de decisão reutilizáveis,Мои многократно используемые таблицы принятия решения,Mina återanvändbara beslutstabeller,我的可重复使用的决策表
My reusable forms,APS,,,Moje opakovaně použitelné formuláře,Mine genanvendelige formularer,Meine wiederverwendbaren Formulare,Mis formularios reutilizables,Omat uudelleenkäytettävät lomakkeet,Mes formulaires réutilisables,I miei moduli riutilizzabili,あなたの再利用可能フォーム,Mijn herbruikbare formulieren,Mine skjemaer som kan brukes om igjen,Moje formularze wielorazowe,Meus formulários reutilizáveis,Мои многократно используемые формы,Mina återanvändbara formulär,我可重复使用的表单
My stencils,APS,,,Moje šablony,Mine elementer,Meine Vorlagen,Mis Plantillas,Omat kaavaimet,Mes gabarits,I miei stencil,あなたのステンシル,Mijn stencils,Mine stensiler,Moje wzorniki,Meus estênceis,Мои образцы,Mina schabloner,我的模板
My Workflow Tasks,APS,,مهام سير أعمالي ,Moje úlohy pracovního postupu,Mine workflowopgaver,Meine Workflow-Aufgaben,Mis tareas de flujo de trabajo,Omat työnkulkutehtävät,Mes tâches de workflow,I miei compiti workflow,あなたのワークフロータスク,Mijn workflowtaken,Mine arbeidsflytoppgaver,Moje zadania przepływu roboczego,Minhas tarefas de fluxo de trabalho,Мои задачи бизнес-процессов,Mina arbetsflödesuppgifter,我的工作流程任务
NARA,RM,,NARA,NARA,NARA,NARA,NARA,NARA,NARA,NARA (USA),NARA,Nationaal Archief,NARA,NARA,NARA,NARA,NARA,NARA
New Hold,RM,,ملكية جديدة,Nové blokování,Ny venteposition,Neue Sperre,Nuevo bloqueo,Uusi pito,Nouvelle suspension,Nuova sospensione,新しいホールド,Nieuwe wachtstand,Ny hold,Nowa blokada,Nova espera,Новая блокировка,Ny begränsning,新的保存
Next,ACS,"Please note that this refers to 2 different strings (pdfjs.page.next.label=Previous and button.next=Previous). Please try to provide an identical translation for both strings, if possible.",التالي,Další,Næste,Weiter,Siguiente,Seuraava,Suivant,Successivo,次へ,Volgende,Neste,Dalej,Próximo,Следующий,Nästa,下一个
Next retention action,RM,,إجراء الاستبقاء التالي,Další akce uchování,Næste opbevaringshandling,Nächste Aufbewahrungsaktion,Próxima acción de retención,Seuraava säilytystoiminto,Etape suivante du délai de conservation,Prossima azione di conservazione,次回の保管処理,Volgende retentieactie,Neste retensjonshandling,Następna czynność przechowywania,Próxima ação de retenção,Следующее действие по хранению,Nästa behållningsåtgärd,下一个保留操作
Node,ACS,,,Uzel,Node,Node,Nodo,Solmu,Nœuds,Nodo,ノード,Node,Node,Węzeł,Nó,Узел,Nod,节点
Node Browser,ACS,,,Prohlížeč uzlů,Nodebrowser,Node-Browser,Navegador de nodos,Solmuselain,Navigateur de nœuds,Browser nodi,ノードブラウザ,Nodebrowser,Nodeleser,Przeglądarka węzłów,Navegador de nós,Просмотр объектов,Nodnavigator,节点浏览器
Offline,ACS,"As in ""offline editing""",دون اتصال,Offline,Offline,Offline,Fuera de línea,Offline,Hors ligne,Offline,オフライン,Offline,Frakoblet,Offline,Offline,Автономный,Offline,离线
On Hold,RM,,قيد الانتظار,Blokováno,I venteposition,Gesperrt,En espera,Pidossa,Suspendu,Sospeso,ホールド中,In wachtstand,På hold,Zablokowane,Em espera,Заблокирована,Begränsad,保存中
Outbound Email,ACS,,رسالة إلكترونية صادرة,Odchozí e-mail,Udgående e-mail,Ausgehende E-Mails,Correo saliente,Lähtevä sähköposti,Email sortant,Posta in uscita,送信 E メール,Uitgaande e-mail,Utgående e-post,Wychodząca poczta e-mail,Email de saída,Исходящие сообщения,Utgående e-post,出站电子邮件
Outcomes,APS,,نتائج,Odchozí,Resultater,Ergebnisse,Resultados,Tulokset,Sorties,Risultati,結果,Resultaten,Resultat,Wyniki,Resultados,Результаты,Resultat,结果
Palette,APS,,,Paleta,Palet,Palette,Paleta,Valikoima,Palette,Riquadro costrutti,パレット,Palet,Palett,Paleta,Paleta,Палитра,Palett,调色板
Parents,ACS,,عناصر أصلية,Nadřazený,Overordnede,Übergeordnete Elemente,Elementos primarios,Ylätasot,Parents,Genitori,親,Bovenliggende elementen,Overordnede,Obiekty nadrzędne,Primários,Родительские элементы,Överordnad,父级
Password,APS,,كلمة سر,Heslo,Adgangskode,Passwort,Contraseña,Salasana,Mot de passe,Password,パスワード,Wachtwoord,Passord,Hasło,Senha,Пароль,Lösenord,密码
PDF Record,RM,,سجل PDF,Záznam PDF,PDF-post,PDF-Record,Documento de archivo PDF,PDF-tietue,Document d'archives Pdf,Record PDF,PDF レコード,PDF-record,PDF-oppføring,Rekord PDF,Arquivo PDF,Запись PDF,PDF-handling,PDF 记录
Plain Text,ACS,,نص عادي,Prostý text,Almindelig tekst,Nur Text,Texto plano,Vain teksti,Plein texte,Testo normale,プレーンテキスト,Platte tekst,Ren tekst,Zwykły tekst,Texto simples,Обычный текст,Ren text,纯文本
Port,ACS,Noun,,Port,Port,Port,Puerto,Portti,Port,Porta,ポート,Poort,Port,Port,Porta,Порт,Port,端口
Preview,ACS,Noun,معاينة,Náhled,Forhåndsvisning,Vorschau,Vista previa,Esikatselu,Aperçu,Anteprima,プレビュー,Voorbeeld,Forhåndsvisning,Podgląd,Pré-visualização,Предварительный просмотр,Förhandsvisning,预览
Process,APS,,عملية,Proces,Proces,Prozess,Proceso,Prosessi,Processus,Processo,プロセス,Proces,Prosess,Proces,Processo,Процесс,Process,流程
Process diagram,APS,,ُخطَط عملية,Diagram procesu,Procesdiagram,Prozessdiagramm,Diagrama del proceso,Prosessikaavio,Diagramme de processus,Diagramma del processo,プロセス図,Procesdiagram,Prosessdiagram,Schemat procesu,Diagrama de processo,Схема процесса,Processdiagram,流程图
Process initiator,APS,,بادئ عملية,Iniciátor procesu,Procesinitiativtager,Prozessinitiator,Iniciador de procesos,Prosessin käynnistäjä,Initiateur de processus,Iniziatore processo,プロセス開始者,Proces-initiatiefnemer,Prosessinitiativtager,Inicjator procesu,Iniciador de processo,Инициатор процесса,Processinitierare,流程发起者
Process model,APS,,نموذج عملية,Model procesu,Procesmodel,Prozessmodell,Modelo del proceso,Prosessimalli,Modèle de processus,Modello di processo,プロセスモデル,Procesmodel,Prosessmodell,Model procesu,Modelo de processo,Модель процесса,Processmodell,流程模型
Process Tasks,APS,,مهام عملية,Procesní úkoly,Procesopgaver,Meine Prozessaufgaben,Tareas de procesos,Prosessitehtävät,Tâches de processus,I miei compiti processo,あなたのプロセスタスク,Procestaken,Mine prosessoppgaver,Zadania procesu,Tarefas de processo,Мои задачи процессов,Processuppgifter,我的流程任务
Process variable,APS,,متغير عملية,Proměnná procesu,Procesvariabel,Prozessvariable,Variable del proceso,Prosessimuuttuja,Variable de processus,Variabile del processo,プロセス変数,Procesvariabele,Prosessvariabel,Zmienna procesu,Variável de processo,Переменная процесса,Processvariabel,流程变量
Producing Application,RM,,,Produkční aplikace,Producerende program,Quellanwendung,Produciendo aplicación,Luontisovellus,Application native,Generazione applicazione,製作アプリケーション,Producerende applicatie,Produserende program,Aplikacja generująca,Aplicativo de produção,Выпускающее приложение,Producerar program,生产应用程序
Producing Application Version,RM,,,Verze produkční aplikace,Producerende programversion,Version der Quellanwendung,Produciendo versión de la aplicación,Luontisovellusversio,Version de l'application native,Generazione versione applicazione,製作アプリケーションのバージョン,Versie producerende applicatie,Produserende programversjon,Wersja aplikacji generującej,Versão do aplicativo de produção,Версия выпускающего приложения,Producerar programversion,生产应用程序版本
Reclassify,RM,,تصنيف,Změnit klasifikaci,Reklassificer,Reklassifizieren,Reclasificar,Salaa uudelleen,Réclassifier,Riclassifica,再分類,Herclassificeren,Reklassifiser,Utajnij ponownie,R﻿eclassificar,повторное засекречивание,Klassificera om,重新分类
Record,ACS,Noun. Example: transfer records,سجل,Záznam,Post,Record,Documento de archivo,Tietue,Document d'archives,Record,"レコード, 記録 (depends on the context)",Record,Overføring,Rekord,Documento arquivístico,Запись,Handling,记录
Record Category,RM,,فئة السجل,Kategorie záznamu,Postkategori,Record-Kategorie,Categoría de documentos de archivo,Tietueluokka,Catégorie de document d'archives,Categoria record,レコードカテゴリ,Recordcategorie,Oppføringskategori,Kategoria rekordu,Categoria de documento arquivístico,Категория записей,Handlingskategori,记录类别
Record Folder,RM,,مجلد السجل,Složka záznamu,Postmappe,Record-Ordner,Carpeta de documentos de archivo,Tietuekansio,Dossier d'archives,Cartella di record,レコードフォルダ,Archiefmap,Oppføringsmappe,Folder rekordów,Pasta de documento arquivístico,Папка записей,Handlingmapp,记录文件夹
Record Level,RM,,مستوى السجل,Úroveň záznamu,Postniveau,Record-Ebene,Retención de nivel de documento de archivo,Tietuetaso,Niveau du document d'archives,Conservazione livello record,レコードレベルの保管,Retentie op recordniveau,Oppføringsnivå ved retensjon,Poziom rekordu,Retenção de nível de documento arquivístico,Хранение на уровне записи,Handlingsnivå,记录级别保留
Record Metadata,RM,,,Metadata záznamu,Postmetadata,Record-Metadaten,Metadatos de documento de archivo,Tietuemetatiedot,Métadonnées de document d'archives,Metadati del record,レコードメタデータ,Metagegevens van record,Oppføringsmetadata,Metadane rekordu,Metadados do documento arquivístico,Метаданные записи,Handlingsmetadata,记录元数据
Record Path,RM,,مسار السجل,Cesta k záznamu,Poststi,Record-Pfad,Ruta de documentos de archivo,Tietuepolku,Chemin d'accès du document d'archives,Crea percorso del record,レコードパスの作成,Recordpad,Opprett oppføringsbane,Ścieżka rekordu,Criar caminho do documento arquivístico,Создание пути к записи,Handlingssökväg,创建记录路径
Record Type,RM,,,Typ záznamu,Posttype,Record-Typ,Tipo de documento de archivo,Tietuetyyppi,Type de document d'archives,Tipo di record,レコードタイプ,Recordtype,Oppføringstype,Typ rekordu,Tipo de documento arquivístico,Тип записи,Handlingstyp,记录类型
Records Management,ACS,"Product Name, please do not localise unless it appears as a generic description",,Správa záznamů,Records Management,Records Management,Records Management,Records Management / Tietuehallinta,Records Management,Records Management,Records Management,Records Management,Records Management,Records Management,Records Management,Records Management,Records Management,Records Management
Records Management Console,RM,,,Konzole pro správu záznamů,Records Management-konsol,Records Management Audit,Auditoría de Records Management,Tietuehallintakonsoli,Audit de gestion des archives,Utente di Records Management,レコード管理監査,Records Management-audit,Revisjon ved oppføringshåndtering,Konsola Records Management,Auditoria do Records Management,Пользователь управления записями,Records Management-konsol,记录管理用户
Records Management Site,RM,,,Místo pro správu záznamů,Records Management-site,Records Management Site,Sitio de Records Management,Tietuehallintasivusto,Site de gestion des archives,Sito di Records Management,レコード管理サイト,Locatie Records Management,Sted til oppføringshåndtering,Witryna Records Management,Site do Records Management,Сайт управления записями,Records Management-samarbetsyta,记录管理站点
Reject Record,RM,,رفض السجل,Zamítnout záznam,Afvis post,Record ablehnen,Rechazar documento de archivo,Hylkää tietue,Rejeter le document d'archives,Respingi record,レコードの却下,Record afwijzen,Avvis oppføring,Odrzuć rekord,Rejeitar documento arquivístico,Отклонить запись,Avvisa handling,拒绝记录
Relationship,RM,,الصلة,Vztah,Relation,Beziehung,Relación,Suhde,Relation,Relazione,関係,Relatie,Forhold,Relacja,Relacionamento,Отношение,Relation,关系
Remove from Hold,RM,,,Odebrat z blokování,Fjern fra venteposition,Vom Sperrbereich entfernen,Eliminar de bloqueo,Poista pidosta,Supprimer de la suspension,Rimuovi da sospesi,ホールドから削除,Verwijderen uit wachtstand,Fjern fra hold,Usuń z blokady,Remover da espera,Разблокировать,Flytta från begränsning,解除保存
Report,RM,Noun,,Záznam,Rapport,Bericht,Informe,Raportti,Rapport,Rapporto,レポート,Rapport,Rapport,Raport,Relatório,Отчет,Rapport,报告
Repository,ACS,The main repository of Alfresco is organized into 2 parts: the database (which contains metadata) and the content store (which contains the actual content).,مستودع,Úložiště,Lager,Repository,Repositorio,Säilö,Entrepôt,Repository,リポジトリ,Repository,Database,Repozytorium,Repositório,Репозиторий,Arkiv,存储库
Required Field,RM,,,Požadované pole,Påkrævet felt,Pflichtfeld,Campo requerido,Pakollinen kenttä,Champ obligatoire,Campo obbligatorio,必須フィールド,Vereist veld,Påkrevd felt,Pole wymagane,Campo obrigatório,Необходимое поле,Obligatoriskt fält,必填字段
Retain,RM,,استبقاء,Uchovat,Behold,Aufbewahren,Retiene,Säilytä,Conserver,Conserva,保管,Behouden,Behold,Zachowaj,Manter,Хранить,Bevara,保留
Retain Record Metadata,RM,,الاحتفاظ بسجلات البيانات الوصفية,Uchovat metadata záznamu,Behold postmetadata,Record-Metadaten Aufbewahren,Retener metadatos de documento de archivo,Säilytä tietuemetatiedot,Conserver des métadonnées de document d'archives,Conserva metadati del record,レコードメタデータの追加,Metagegevens van record Behouden,Legg til registrering av metadata,Zachowaj metadane rekordu,Manter metadados do documento arquivístico,Хранить метаданные записи,Bevara handlingsmetadata,添加记录元数据
Retention,RM,Indication of continuation to be kept/maintained and its disposition ***NOT THE SAME CONCEPT AS HOLD ,احتفاظ,Uchování,Opbevaring,Aufbewahrung,Retención,Säilytys,Conservation,Conservazione,保管,Retentie,Retensjon,Przechowywanie,Retenção,Хранение,Bevarande,保留
Retention Action,RM,,,Akce uchování,Opbevaringshandling,Aufbewahrungsaktion,Acción de retención,Säilytystiedot,Action de conservation,Azione di conservazione,保管処理,Retentieactie,Retensjonshandling,Czynność przechowywania,Ação de retenção,Действие по хранению,Bevarandehandling,保留操作
Retention Authority,RM,,سلطة الاحتفاظ,Autorita uchování,Opbevaringsautoritet,Aufbewahrungs-Authority,Autoridad de retención,Säilytysauktoriteetti,Détenteur principal,Autorità di conservazione,保管権限,Retentieautoriteit,Retensjonsrett,Podmiot przechowujący,Autoridade de retenção,Полномочия на хранение,Bevarandebehörighet,保留授权
Retention Event,RM,,حدث الاستبقاء,Událost uchování,Opbevaringshændelse,Aufbewahrungsereignis,Evento de retención,Säilytystapahtuma,Evénement de conservation,Evento di conservazione,保管イベント,Retentiegebeurtenis,Retensjonshendelse,Zdarzenie przechowywania,Evento de retenção,Событие хранения,Bevarandehändelse,保留事件
Retention Events Eligible,RM,,,Splňující požadavky pro událost uchování,Kvalificerede opbevaringshændelser,Erlaubte Aufbewahrungsereignisse,Eventos de retención elegibles,Oikeutetut säilytystapahtumat,Evénements de conservation éligibles,Eventi di conservazione idonei,実行可能な保管イベント,In aanmerking komende retentiegebeurtenissen,Kvalifiserte retensjonshendelser,Zakwalifikowane zdarzenia przechowywania,Eventos de retenção qualificados,Допустимые события хранения,Valbara bevarandehändelser,符合保留事件条件
Retention lifecycle,RM,,,Cyklus uchování,Opbevaringslivscyklus,Aufbewahrungszyklus,Ciclo de vida de retención,Säilytyselinkaari,Etapes du délai de conservation,Ciclo di vita di conservazione,保管ライフサイクル,Retentiecyclus,Livssyklus ved retensjon,Cykl przechowywania,Ciclo de vida de retenção,Жизненный цикл хранения,Bevarandelivscykel,保留生命周期
Retention Period,RM,,,Délka uchování,Opbevaringsperiode,Aufbewahrungszeitraum,Periodo de retención,Säilytyskausi,Période de conservation,Periodo di conservazione,保管期間,Retentieperiode,Retensjonsperiode,Okres przechowywania,Período de retenção,Период хранения,Bevarandeperiod,保留周期
Retention Schedule,RM,"A comprehensive list of records series, indicating for each the length of time it is to be maintained and its disposition.",الجدول الزمني للاحتفاظ,Plán uchovávání,Opbevaringsplan,Aufbewahrungsplan,Planificación de retención,Säilytysaikataulu,Règle de conservation,Programma di conservazione,保管スケジュール,Retentieschema,Retensjonsplan,Harmonogram przechowywania,Programação de retenção,График хранения,Bevarandeschema,保留计划
Review,ACS,Verb,مراجعة,Ověřit,Gennemgå,Überprüfen,Revisar,Tarkista,Réviser,Esamina,レビュー,Reviseren,Gjennomgå,Przegląd,Revisar,Проверить,Granska,复查
Review and Approve (group review),ACS,,,Ověřit a schválit (skupinová kontrola),Gennemgå og godkend (gruppegennemsyn),Überprüfen und genehmigen (Gruppenüberprüfung),Revisar y aprobar (revisión en grupo),Tarkista ja hyväksy (joukkotarkistus),Réviser et approuver (en mode groupe),Esamina e approva (esame di gruppo),レビューと承認 (グループによるレビュー),Reviseren en goedkeuren (groepsrevisie),Gjennomgå og godkjenn (gruppegjennomgang),Przegląd i zatwierdzenie (przegląd grupowy),Revisar e aprovar (revisão em grupo),Проверка и утверждение (проверка группой),Granska och godkänn (gruppgranskning),复查和批准（组复查）
Rule Set,RM,,مجموعة القواعد,Sada pravidel,Regelsæt,Regelsatz,Conjunto de reglas,Sääntöjoukko,Ensemble de règles,Set di regole,ルールセット,Regelset,Regelsett,Zestaw reguł,Conjunto de regras,Набор правил,Regelverk,规则集
Scanned Record,RM,,,Naskenovaný záznam,Scannet post,Eingescannter Record,Documento de archivo escaneado,Skannattu tietue,Document d'archives numérisé,Record scansionato,スキャンされたレコード,Gescande record,Skannet oppføring,Zeskanowany rekord,Documento arquivístico digitalizado,Отсканированная запись,Inskannad handling,扫描的记录
Schema,APS,,,Schéma,Skema,Schema,Esquema,Rakenne,Schéma,Schema,スキーマ,Schema,Skjema,Schemat,Esquema,Схема,Schema,架构
Security Mark,RM,,علامة الأمن,Bezpečnostní třída,Sikkerhedsmærke,Sicherheitskennzeichen,Marca de seguridad,Suojausmerkintä,Marque de sécurité,Contrassegno di sicurezza,セキュリティマーク,Beveiligingsmarkering,Sikkerhetsmerke,Znak zabezpieczeń,Marca de segurança,Метка безопасности,Säkerhetsmarkering,安全标记
Set Auto-Declare Options,RM,,ضبط خيارات التصريح التلقائي,Nastavit možnosti automatického deklarování,Angiv indstillinger for automatisk deklaration,Optionen für automatische Deklaration,Configurar las opciones de declaración automática,Määritä automaatti-ilmoitusasetukset,Définir les options de déclaration automatique,Imposta opzioni di dichiarazione automatica,自動宣言オプションの設定,Opties voor automatisch declareren instellen,Still inn alternativer med automatiske erklæringer,Ustaw opcje automatycznej deklaracji,Definir opções de auto declaração,Задать параметры автоматического объявления,Inställningar för automatisk deklaration,设置自动声明选项
Settings,ACS,,,Nastavení,Indstillinger,Einstellungen,﻿Configuración,Asetukset,Paramètres,Impostazioni,設定,Instellingen,Innstillinger,Ustawienia,Configurações,Параметры,Inställningar,设置
Share,APS,"Verb ""to share"" (not product name)",,Sdílet,Del,Freigeben,Compartir,Jaa,Partager,Condividere,共有する,Delen,Dele,Udostępnij,Compartilhar,Открыть доступ,Dela OR Share,共享
Sign in,ACS,"Verb. As in: Sign in to Alfresco in the cloud (as in: Log in, Access)",تسجيل دخول,Přihlásit (se),Log ind,Anmelden,Iniciar sesión,Kirjaudu sisään,Se connecter,Accedi,サインインする,Aanmelden,Logg inn,Zaloguj się,Entrar,Войти,Logga in,登录
Sign up,ACS,Related sentence:Sign up today to claim your free network in the cloud (as in: Register),اشتراك,Zaregistrovat (se),Tilmeld,Registrieren,Registrarse,Rekisteröidy,S'inscrire,Registrati,"お申し込み, 申し込む, 登録する (depends on the context)",Registreren,Registrer deg,Zarejestruj się,Cadastrar,Зарегистрироваться,Registrera dig,注册
Single Sign-On,ACS, (SSO),دخول موحد,Jednotné přihlášení,Single Sign-On,Single Sign-On,Inicio de sesión único,Kertakirjautuminen,Authentification unique,Single Sign-On,シングルサインオン,Eenmalige aanmelding,Enkel innlogging,Logowanie jednokrotne,Single Sign-On,Система единого входа,Single Sign-On,单点登录
Site,ACS,"A site is a project area where you can share and discuss content with other site members. Danish: please do not translate ""site""",موقع,Místo,Site,Site,Sitio,Sivusto,Site,Sito,サイト,Site,Område,Witryna,Site,Сайт,Samarbetsyta,站点
Site Search,ACS,,بحث في الموقع,Hledání místa,Sitesøgning,Site-Suche,Búsquedas en el sitio,Sivustohaku,Recherche de sites,Ricerca sito,サイト内の検索,Site doorzoeken,Områdesøk,Wyszukaj w witrynie,Pesquisa do site,Поиск по сайту,Sökning inom samarbetsyta,站点搜索
Snapshot,ACS,,لقطة,Snímek,Snapshot,Snapshot,Instantánea,Tilannevedos,Cliché,Istantanea,スナップショット,Momentopname,Øyeblikksbilde,Migawka,Instantâneo,Снимок,Ögonblicksbild,快照
Solr,ACS,Product name. Do not translate.,,Solr,Solr,Solr,Solr,Solr,Solr,Solr,Solr,Solr,Solr,Solr,Solr,Solr,Solr,Solr
Start Audit log,RM,,,Zahájit protokol auditu,Start overvågningslog,Audit-Protokoll starten,Iniciar registro de auditorías,Aloita tarkastusloki,Démarrer le journal d'audit,Avvia log di audit,監査ログの開始,Auditlog starten,Start revisjonslogg,Uruchom dziennik inspekcji,Iniciar log de auditoria,Начать запись в журнал аудита,Starta granskningslogg,启动审计日志
Start Workflow,ACS,,,Zahájit pracovní proces,Start workflow,Workflow starten,Iniciar flujo de trabajo,Käynnistä työnkulku,Démarrer un workflow,Avvia workflow,ワークフローの開始,Workflow starten,Start arbeidsflyt,Uruchom przepływ roboczy,Iniciar fluxo de trabalho,Начать бизнес-процесс,Starta arbetsflöde,启动工作流程
Stencils,APS,,,Šablony,Elementer,Vorlagen,Plantillas,Kaavaimet,Gabarits,Stencil,ステンシル,Stencils,Stensiler,Wzorniki,Estênceis,Образцы,Mallar,模板
Step Editor,APS,,,Editor kroku,Trineditor,Step Editor,Editor de pasos,Vaihe-editori,Editeur par étapes,Editor di passaggi,ステップエディタ,Stapeditor,Trinn-redaktør,Edytor kroków,Editor de etapa,Редактор шагов,Stegeditor,步骤编辑器
Stop Audit log,RM,,,Zastavit protokol auditu,Stop overvågningslog,Audit-Protokoll stoppen,Detener registro de auditorías,Lopeta tarkastusloki,Arrêter le journal d'audit,Interrompi log di audit,監査ログの停止,Auditlog stoppen,Stopp revisjonslogg,Zatrzymaj dziennik inspekcji,Interromper log de auditoria,Остановить запись в журнал аудита,Stoppa granskningsloggen,停止审计日志
Storage Location,RM,,,Umístění úložiště,Lagerplacering,Speicherort,Ubicación de almacenamiento,Tallennussijainti,Emplacement de stockage,Posizione di archiviazione,保管場所,Opslaglocatie,Lagringssted,Lokalizacja magazynu,Local de armazenamento,Место хранения,Lagringsplats,存储位置
Subprocess,APS,,,Dílčí proces,Underproces,Teilprozess,Subproceso,Aliprosessi,Sous-processus,Sottoprocesso,サブプロセス,Subproces,Underprosess,Podproces,Subprocesso,Подпроцесс,Underprocess,子流程
Swimlanes,APS,,,Plavecké dráhy,Svømmebaner,Verantwortlichkeitsbereiche,Calles,Kaistat,Couloirs,Corsie,スイムレーン,Swimlanes,Svømmebaner,Tory,Raias,Дорожки,Swimlanes,泳道
Tabs,APS,,,Karty,Faner,Registerkarten,Pestañas,Välilehdet,Onglets,Schede,タブ,Tabbladen,Faner,Karty,Guias,Вкладки,Flikar,标签
Tag,ACS,Verb,علامة,Tag,Tagge,Taggen,Etiquetar,Merkitse tunnisteella,Etiqueter,Contrassegna,タグを付ける,Taggen,Tagg,Znacznik,Marcar,Отметить,Tagg,标记
Task,APS,,مهمة,Úkol,Opgave,Aufgabe,Tarea,Tehtävä,Tâche,Compito,タスク,Taak,Oppgave,Zadanie,Tarefa,Задача,Uppgift,任务
Task Listener,APS,,,Naslouchání úkolu,Lyttefunktion til opgave,Aufgaben-Listener,Detector de tareas,Tehtäväkuuntelija,Ecouteur de tâche,Listener di compito,タスクリスナー,Task listeners,Oppgavelyttere,Odbiornik zadań,Listener de tarefas,Слушатели задачи,Uppgiftslyssnare,Task 监听器
Tenant,APS,,,Tenant,Tenant,Mandant,Inquilino,Tilaaja,Client,Tenant,テナント,Tenant,Leietaker,Dzierżawca,Tenant,Клиент,Kund,租户
Thread,APS,,,Vlákno,Tråd,Thread,Subproceso (en grupo),Säie,Thread,Thread,スレッド,Thread,Tråd,Wątek,Segmentos,Поток,Tråd,线程
Throwing Events,APS,,,Události throw,Udløsningshændelser,Zwischenauslöseereignisse,Eventos de lanzamiento,Lähetystapahtumat,Evénements de génération,Eventi di generazione,中間スローイベント,Throwing events,Holdehendelser,Zdarzenia zgłoszeniowe,Eventos de lançamento,Промежуточные события-инициаторы,Kasta händelser,中间抛出事件
Thumbnails,ACS,,صور مصغرة,Miniatury,Miniaturevisninger,Miniaturansichten,Miniaturas,Pikkukuvat,Vignettes,Miniature,サムネイル,Miniaturen,Miniatyrbilder,Miniatury,Miniaturas,Эскизы,Miniatyrbilder,缩略图
To (addressee),ACS,"String ID:  table.email.label.addressee - As in email to send/sent ""To""",مرسل إلى,Komu,Til (modtager),An,Para (destinatario),Vastaanottaja,A,A (destinatario),宛先 (addressee),Aan,Til (mottaker),Do (adresat),Para (destinatário),Кому,Till (adressat),收件人
To (date range),ACS,String ID: form.control.date-range.to - From and To labels for date range control,إلى,Do,Til (datointerval),Bis,A (rango de fechas),Päättyy:,Jusqu'au,Il (intervallo di date),終了日 (date range),Tot,Til (datoområde),Do (zakres dat),Para (intervalo de datas),До,Till (datumintervall),至
Toolbar,ACS,,ريط أدوات,Panel nástrojů,Værktøjslinje,Symbolleiste,Barra de herramientas,Työkalurivi,Barre d'outils,Barra degli strumenti,ツールバー,Werkbalk,Verktøylinje,Pasek narzędzi,Barra de ferramentas,Панель инструментов,Verktygsfält,工具栏
Top Secret,RM,,ري للغاية,Přísně tajné,Tophemmelig,Streng geheim,Ultra secreto,Huippusalainen,Top secret,Segretissimo,最高機密,Topgeheim,Topp hemmelig,Ściśle tajne,Absoluto sigilo,Совершенно секретно,Topphemlig,最高机密
Trashcan,ACS,,سلة محذوفات,Koš,Papirkurv,Papierkorb,Papelera,Roskakori,Corbeille,Cestino,ごみ箱,Prullenbak,Papirkurv,Kosz,Lixeira,Корзина,Papperskorg,垃圾桶
Unassigned,ACS,This refers to: Task,غير معين ,Nepřiřazeno,Ikke-tildelt,Nicht zugewiesen,Sin asignar,Määrittämätön,Non assigné,Non assegnato,担当者なし,Niet-toegewezen,Ikke-tilordnet,Nieprzypisane,Não atribuído,Неназначенные,Otilldelad,未指派
Unclassified,RM,,غير مصنف,Neklasifikováno,Uklassificeret,Nicht klassifiziert,Sin clasificar,Salaamaton,Non classé,Non classificato,未分類,Niet-geclassificeerd,Uklassifisert,Jawne,Não classificado,Не засекречено,Oklassifierad,未分类
Undo,ACS,,تراجع,Vrátit zpět,Fortryd,Rückgängig machen,Deshacer,Kumoa,Annuler les modifications,Annulla,元に戻す,Ongedaan maken,Angre,Cofnij,Desfazer,Отменить,Ångra,撤消
Undo Cut off,RM,,تراجع عن التوقف,Zrušit oddělení,Fortryd afskæring,Trennung aufheben,Deshacer interrupción,Kumoa leikkaus,Annuler le début de conservation,Annulla cut off,カットオフを取り消す,Afsluiten ongedaan maken,Angre cut off,Cofnij wyeliminowanie,Desfazer corte,Отменить отрезание,Ångra avskiljning,撤消中断
Unfiled Records,RM,,السجلات غير المقدمة,Nevyplněné záznamy,Ikke-arkiverede poster,Nicht abgelegte Records,Documentos de archivo no archivados,Arkistoimattomat tietueet,Documents d'archives non classés,Record non archiviati,整理保管されていないレコード,Niet-gearchiveerde records,Oppføringer som ikke er registrert,Rekordy niezaszeregowane,Documentos arquivísticos não arquivados,Незаполненные записи,Oarkiverade handlingar,未立卷记录
Unique Record Identifier,RM,,معرف فريد للسجل,Jedinečný identifikátor záznamu,Unikt post-id,Eindeutige Record-ID,Identificador único de documento de archivo,Yksilöllinen tietuetunniste,Identifiant unique de document d'archives,Identificatore record univoco,一意のレコード ID,Unieke identificatie record,Unik oppførings-ID,Unikatowy identyfikator rekordu,Identificador de documento arquivístico exclusivo,Уникальный идентификатор записи,Unik handlingsidentifierare,唯一记录标识符
Upload,ACS,"Verb, as in: upload content in the repository.  For RU: usually used the same for both Upload and Download",تحميل,Odeslat,Upload,Hochladen,Cargar,Lataa,Importation,Carica,アップロードする,Uploaden,Laster opp,Prześlij,Carregar,Загрузить,Ladda upp,上传
User Rights,RM,,,Uživatelská práva,Brugerrettigheder,Benutzerrechte,Derechos de usuario,Käyttäjäoikeudet,Droits des utilisateurs,Diritti utente,ユーザー権限,Gebruikersrechten,Brukerrettigheter,Prawa użytkownika,Direitos do usuário,Права пользователя,Användarrättigheter,用户权限
View Record,RM,,,Zobrazit záznam,Se post,Record anzeigen,Ver documento de archivo,Näytä tietue,Afficher le document d'archives,Visualizza record,レコードの表示,Record bekijken,Vis oppføring,Wyświetl rekord,Visualizar documento arquivístico,Просмотр записи,Visa handling,查看记录
Visual Editor,APS,,محرر مرئي,Vizuální editor,Visual Editor,Visual Editor,Editor visual,Visuaalinen editori,Editeur visuel,Editor visuale,ビジュアルエディタ,Visual Editor,Visuell redaktør,Edytor wizualny,Editor visual,Визуальный редактор,Visuell editor,可视化编辑器
Vital record,RM,,,Důležitý záznam,Meget vigtig post,Besonders relevante Records,Documento de archivo vital,Tärkeä tietue,Document d'archives essentiel,Record fondamentali,バイタルレコード,Vitale record,Svært viktig oppføring,Rekord kluczowy,Documento arquivístico vital,Ключевая запись,Särskilt viktiga handlingar,核心记录
Web Record,RM,,,Webový záznam,Webpost,Web-Record,Documento de archivo web,Verkkotietue,Document d'archives Web,Record Web,Web レコード,Web-record,Nettoppføring,Rekord WWW,Documento arquivístico da Web,Веб-запись,Webbhandling,Web 记录
Web site,ACS,,,Webová stránka,Website,Web-Site,Sitio Web,Verkkosivusto,Site Web,Sito Web,Web サイト,Website,Webområde,Witryna internetowa,Site da Web,Веб-сайт,Webbplats,网站
Workflow,ACS,"French, Danish, Italian, German: please keep workflow"" in English""",سير عمل,Pracovní postup,Workflow,Workflow,Flujo de trabajo,Työnkulku,Workflow,Workflow,ワークフロー,Workflow,Arbeidsflyt,Przepływ roboczy,Fluxo de Trabalho,Бизнес-процесс,Arbetsflöde,工作流程
Workspace,ACS,"As in ""My document workspaces"" / ""My meeting workspaces""",مساحة عمل,Pracovní prostor,Arbejdsområde,Arbeitsbereich,Espacio,Työtila,Espace de travail,Spazio di lavoro,ワークスペース,Werkruimte,Arbeidsområde,Obszar roboczy,Espaço de trabalho,Рабочая область,Arbetsområde,工作空间
Maximize,,,تكبير,,Maximera,Maximieren,Maximizar,,Agrandir,Massimizzare,最大化,Maximaliseren,Maksimer,Maksymalizuj,Maximizar,Развернуть,Maximera,最大化
Minimize,,,تصغير,,Minimera,Minimieren,Minimizar,,Réduire,Minimizzare,最小化,Minimaliseren,Minimer,Minimalizuj,Minimizar,Свернуть,Minimera,最小化
Diagrams,,,مخططات,,Diagram,Diagramme,Diagramas,,Diagrammes,Diagrammi,図,Diagrammen,Diagrammer,Schematy,Diagramas,Схемы,Diagram,图表
Sign out,,,تسجيل خروج,,Logga ut,Abmelden,Cerrar sesión,,Déconnexion,Disconnetti,サインアウト,Afmelden,Logg ut,Wyloguj się,Sair,Выйти,Logga ut,退出
Apply,ADF,,تطبيق,,Tillämpa,Anwenden,Aplicar,,Appliquer,Applica,適用,Toepassen,Bruk,Zastosuj,Aplicar,Применить,Tillämpa,应用
Analytics,ADF,,تحليلات,,Analys,Analytik,Análisis,,Analyse,Analisi,分析,Analytics,Analyser,Analityka,Análise,Анализ данных,Analys,分析
Checking,ADF,,فحص,,Kontrollerar,Überprüfung,Comprobando,,Vérification,Verifica in corso,確認中,Controleren,Kontrollerer,Sprawdzanie,Verificando,Проверка,Kontrollerar,正在检验
Need help?,ADF,RU: This is the most commonly used translation (just Help),بحاجة لمساعدة؟,,Behöver du hjälp?,Brauchen Sie Hilfe?,¿Necesita ayuda?,,Besoin d'aide ?,Hai bisogno di aiuto?,ヘルプが必要ですか?,Hulp nodig?,Trenger hjelp?,Potrzebujesz pomocy?,Precisa de ajuda?,Справка,Behöver du hjälp?,是否需要帮助？
ID,ADF,,معرف,ID,ID,ID,ID,,ID,ID,ID,Id,ID,Identyfikator,Идентификатор,ID,ID,ID
We hit a problem,,,نواجه مشكلة,,Vi har stött på ett problem OR Vi stötte på ett problem,Es ist ein Problem aufgetreten,Ha surgido un problema,,Un problème est survenu,Si è verificato un problema,問題が発生しました,Er is een probleem opgetreden,Vi støtte på et problem,Wystąpił problem,Encontramos um problema,Возникла проблема,Vi har stött på ett problem OR Vi stötte på ett problem,我们遇到一个问题
Sequence Flow,,,سير عمل متسلسل,,Sekvensflöde,Sequenzablauf,Flujo de sequencias,,Flux de séquences,Flusso di attività,シーケンスフロー,Sequence Flow,Sekvensflyt,Przepływ sekwencji,Fluxo de sequência,Поток выполнения,Sekvensflöde,Sequence Flow
Permission,,,,Oprávnění,Tilladelse,Berechtigung,Permiso,Oikeus,Permission,Permessi ,権限,Recht,Tillatelsen,Uprawnienie,Permissão,разрешение,Behörighet,权限
Release,"Verb. A user that has claimed a task can unclaim (""Release"" button) the task this means that the user will lose the right to manage the task.",,تحرير,Vzdát se,Frigive,Anspruch aufheben,Liberar,Vapauta,Libérer,Restituisci,担当解除,Vrijgeven,Frigi,Zwolnij,Liberar,Освободить,Avsäga,释放